index,hot,title,href
1,Saka财经,清华教授李稻葵称应考虑解禁限摩政策促消费，你支持所在城市取消限摩吗？,https://new.qq.com/rain/a/20240525Q02M6800
2,看见未来,有报告称养老金存缺口，这怎么回事？,https://new.qq.com/rain/a/20240525Q06H1500
3,玉璎珞聊影视, 《庆余年2》范闲明明是庆帝儿子，为什么最后却入了范家族谱？,https://new.qq.com/rain/a/20240525Q086JI00
4,工程人管小管,现在做墓地生意有多赚钱？,https://new.qq.com/rain/a/20240525Q010OJ00
5,神斗斗????,央美毕业展作品被吐槽像“一堆废纸壳”，这真的是艺术品吗？该如何欣赏？,https://new.qq.com/rain/a/20240525Q03QWV00
6,今天涨了吧,为什么要15天转一次院？,https://new.qq.com/rain/a/20240526Q06BOV00
7,商业Y观点,电商会导致实体店倒闭，会导致大量小商业者失业吗？,https://new.qq.com/rain/a/20240526Q02VAG00
8,看见未来,城投公司卖墓地入账数千万，城投公司是怎么运作的？什么赚钱就干什么？,https://new.qq.com/rain/a/20240525Q0164R00
9,路十三,独行侠再胜森林狼，东契奇准绝杀，他有多强？以后能成为联盟第一球星吗？,https://new.qq.com/rain/a/20240525Q03DQZ00
10,语冰昆虫工作室,巴西计划造蚊子工厂让正常蚊子“不孕不育”，靠谱吗？会变异成更厉害的蚊子吗？,https://new.qq.com/rain/a/20240526Q045ZQ00
11,之乎者也小鱼儿,黄仁勋实行扁平化管理，直接管理的下属达60人，能管得过来吗？值得学习吗？,https://new.qq.com/rain/a/20240526Q01WM300
12,郭建恒,我国天文学家解开系外行星“减肥”之谜，这肥是如何减下来的呢？,https://new.qq.com/rain/a/20240525Q06E5900
13,Saka财经,业绩不好？是否哪方面没有别的平台优越？公司本质有问题没?比如同平台京东为什么贵？,https://new.qq.com/rain/a/20240526Q05RH900
14,醉卧浮生,凯尔特人今年季后赛对手总有主将受伤，命运眷顾的他们是否有冠军相了？,https://new.qq.com/rain/a/20240526Q03DUB00
15,我也不知道叫个啥名,B站一季度亏损4.56 亿元，年内实现盈利的目标还能实现吗？,https://new.qq.com/rain/a/20240525Q05YNU00
16,之乎者也小鱼儿,加沙码头造价不菲却如此脆弱，说明什么？,https://new.qq.com/rain/a/20240526Q0781000
17,之乎者也小鱼儿,胖东来“爆改”永辉，胖东来的模式可以复制吗？核心竞争力在哪？,https://new.qq.com/rain/a/20240526Q004U600
18,茳芏jiangdu,央美毕业展作品被吐槽像“一堆废纸壳”，作者称造价上万，钱花在哪里了？,https://new.qq.com/rain/a/20240525Q055N900
19,醉卧浮生,如果本赛季爱德华兹率队夺冠，能否超越同期詹姆斯？,https://new.qq.com/rain/a/20240525Q0276Z00
20,绿树林子,劳动者能指望谁来保护？,https://new.qq.com/rain/a/20240526Q03BBV00
21,三棱镜,曼联2-1曼城夺足总杯冠军，主帅滕哈赫还会下课吗？这个冠军含金量如何？,https://new.qq.com/rain/a/20240526Q02L3U00
22,工程人管小管,学生宿舍起火疑因充电宝，小功率电器为何引发起火？是电路老化的问题吗？,https://new.qq.com/rain/a/20240526Q031KB00
23,象虎,在店门口卸载货物也算违规吗？,https://new.qq.com/rain/a/20240525Q0717R00
24,夜景湛虚明,庆国春闱考试舞弊成风，考生都是怎样作弊的？,https://new.qq.com/rain/a/20240525Q072A100
25,夜景湛虚明,林相为什么要告老还乡？,https://new.qq.com/rain/a/20240526Q07BGD00
26,玉璎珞聊影视,《庆余年2》现实当中遇到二皇子这种人，要怎么识别不被PUA？,https://new.qq.com/rain/a/20240526Q06V1A00
27,两点水加三点水,就说精神病人犯罪的问题？应该追责谁的责任？怎么处理精神病杀人案例？请司法部门解释为谢！,https://new.qq.com/rain/a/20240526Q039V800
28,廖家的喵妈,为什么等到16次家暴才离婚？,https://new.qq.com/rain/a/20240525Q05CFT00
29,追着大事跑的人,谁解读一下，这个国家的地理位置和人口分布？为什么伤亡这么严重？,https://new.qq.com/rain/a/20240526Q06U5900
